-- Hotels
INSERT INTO hotels (hotel_name, contact_number, email, city, state, country, rating, description)
VALUES
    ('Sunrise Hotel', '123-456-7890', 'contact@sunrise.com', 'Yerevan', 'Yerevan', 'Armenia', 4.5, 'Luxury hotel in city center'),
    ('Mountain View Resort', '098-765-4321', 'info@mountainview.com', 'Dilijan', 'Tavush', 'Armenia', 4.2, 'Resort with mountain views'),
    ('RiverSide Inn', '044-555-333', 'info@riverside.com', 'Gyumri', 'Shirak', 'Armenia', 4.0, 'Cozy riverside hotel'),
    ('City Center Hotel', '022-111-222', 'contact@citycenter.com', 'Yerevan', 'Yerevan', 'Armenia', 4.3, 'In the heart of the city'),
    ('Forest Retreat', '055-666-777', 'info@forestretreat.com', 'Dilijan', 'Tavush', 'Armenia', 4.7, 'Peaceful forest hotel'),
    ('Grand Palace', '066-777-888', 'grand@palace.com', 'Yerevan', 'Yerevan', 'Armenia', 4.8, 'Luxury palace-style hotel'),
    ('Lakeview Hotel', '077-888-999', 'info@lakeview.com', 'Sevan', 'Gegharkunik', 'Armenia', 4.4, 'Beautiful lake views'),
    ('Historic Inn', '088-999-000', 'contact@historicinn.com', 'Gyumri', 'Shirak', 'Armenia', 4.1, 'Historic building with charm'),
    ('Sunny Lodge', '099-123-123', 'info@sunnylodge.com', 'Stepanakert', 'Artsakh', 'Armenia', 4.0, 'Sunny and cozy lodge'),
    ('Alpine Resort', '100-111-222', 'contact@alpine.com', 'Tsaghkadzor', 'Kotayk', 'Armenia', 4.6, 'Ski resort with alpine style'),
    ('Royal Palace', '111-222-333', 'royal@palace.com', 'Yerevan', 'Yerevan', 'Armenia', 4.9, 'Elegant royal experience'),
    ('Sevan View Hotel', '112-223-334', 'info@sevanview.com', 'Sevan', 'Gegharkunik', 'Armenia', 4.3, 'Overlooks Lake Sevan'),
    ('Mountain Lodge', '113-224-335', 'contact@mountainlodge.com', 'Tsaghkadzor', 'Kotayk', 'Armenia', 4.4, 'Perfect for mountain lovers'),
    ('Historic Palace', '114-225-336', 'info@historicpalace.com', 'Gyumri', 'Shirak', 'Armenia', 4.2, 'Historic building with modern amenities'),
    ('Luxury Inn', '115-226-337', 'contact@luxuryinn.com', 'Yerevan', 'Yerevan', 'Armenia', 4.5, 'Luxury inn with spa'),
    ('Grandview Resort', '116-227-338', 'info@grandview.com', 'Dilijan', 'Tavush', 'Armenia', 4.6, 'Panoramic mountain view'),
    ('City Lights Hotel', '117-228-339', 'contact@citylights.com', 'Yerevan', 'Yerevan', 'Armenia', 4.3, 'In the city center'),
    ('Seaside Inn', '118-229-340', 'info@seasideinn.com', 'Sevan', 'Gegharkunik', 'Armenia', 4.1, 'Close to the lake'),
    ('Forest Palace', '119-230-341', 'contact@forestpalace.com', 'Dilijan', 'Tavush', 'Armenia', 4.7, 'Luxury forest retreat'),
    ('Alpine Heights', '120-231-342', 'info@alpineheights.com', 'Tsaghkadzor', 'Kotayk', 'Armenia', 4.6, 'Mountain resort with skiing'),
    ('Stepan Lodge', '121-232-343', 'contact@steplanlodge.com', 'Stepanakert', 'Artsakh', 'Armenia', 4.2, 'Cozy lodge for travelers'),
    ('Riverfront Hotel', '122-233-344', 'info@riverfront.com', 'Gyumri', 'Shirak', 'Armenia', 4.3, 'Riverside rooms'),
    ('Golden Palace', '123-234-345', 'contact@goldenpalace.com', 'Yerevan', 'Yerevan', 'Armenia', 4.8, 'Palatial luxury experience'),
    ('Lake House', '124-235-346', 'info@lakehouse.com', 'Sevan', 'Gegharkunik', 'Armenia', 4.4, 'Beautiful lake views'),
    ('Mountain Peak', '125-236-347', 'contact@mountainpeak.com', 'Tsaghkadzor', 'Kotayk', 'Armenia', 4.5, 'Ski resort at peak'),
    ('Historic Lodge', '126-237-348', 'info@historiclodge.com', 'Gyumri', 'Shirak', 'Armenia', 4.2, 'Historic building charm'),
    ('Sunny Palace', '127-238-349', 'contact@sunnypalace.com', 'Stepanakert', 'Artsakh', 'Armenia', 4.3, 'Sunny hotel'),
    ('Royal View', '128-239-350', 'info@royalview.com', 'Yerevan', 'Yerevan', 'Armenia', 4.7, 'City view from palace'),
    ('Forest Inn', '129-240-351', 'contact@forestinn.com', 'Dilijan', 'Tavush', 'Armenia', 4.5, 'Forest surrounding hotel'),
    ('Alpine Retreat', '130-241-352', 'info@alpineretreat.com', 'Tsaghkadzor', 'Kotayk', 'Armenia', 4.6, 'Skiing and relaxation'),
    ('Stepan Center', '131-242-353', 'contact@stepancenter.com', 'Stepanakert', 'Artsakh', 'Armenia', 4.1, 'In city center'),
    ('River Lodge', '132-243-354', 'info@riverlodge.com', 'Gyumri', 'Shirak', 'Armenia', 4.3, 'River view rooms'),
    ('Golden Resort', '133-244-355', 'contact@goldenresort.com', 'Yerevan', 'Yerevan', 'Armenia', 4.9, 'High-end resort'),
    ('Lakefront Inn', '134-245-356', 'info@lakefront.com', 'Sevan', 'Gegharkunik', 'Armenia', 4.5, 'By the lake'),
    ('Mountain Palace', '135-246-357', 'contact@mountainpalace.com', 'Tsaghkadzor', 'Kotayk', 'Armenia', 4.6, 'Palace-style mountain resort'),
    ('Historic View', '136-247-358', 'info@historicview.com', 'Gyumri', 'Shirak', 'Armenia', 4.2, 'Historic views'),
    ('Sunny Resort', '137-248-359', 'contact@sunnyresort.com', 'Stepanakert', 'Artsakh', 'Armenia', 4.3, 'Sunny resort for travelers'),
    ('Royal Inn', '138-249-360', 'info@royalinn.com', 'Yerevan', 'Yerevan', 'Armenia', 4.8, 'Luxury royal inn'),
    ('Forest View Lodge', '139-250-361', 'contact@forestview.com', 'Dilijan', 'Tavush', 'Armenia', 4.6, 'Quiet forest retreat'),
    ('Alpine Palace', '140-251-362', 'info@alpinepalace.com', 'Tsaghkadzor', 'Kotayk', 'Armenia', 4.7, 'Palace with alpine views'),
    ('Stepan Lake Hotel', '141-252-363', 'contact@steplake.com', 'Stepanakert', 'Artsakh', 'Armenia', 4.4, 'Lake view'),
    ('River Palace', '142-253-364', 'info@riverpalace.com', 'Gyumri', 'Shirak', 'Armenia', 4.5, 'Palace-style river view'),
    ('Golden Lodge', '143-254-365', 'contact@goldenlodge.com', 'Yerevan', 'Yerevan', 'Armenia', 4.8, 'Luxury lodge'),
    ('Lake Retreat', '144-255-366', 'info@lakeretreat.com', 'Sevan', 'Gegharkunik', 'Armenia', 4.5, 'Lakefront retreat'),
    ('Mountain Inn', '145-256-367', 'contact@mountaininn.com', 'Tsaghkadzor', 'Kotayk', 'Armenia', 4.6, 'Mountain inn for travelers'),
    ('Historic Palace Inn', '146-257-368', 'info@historicpalaceinn.com', 'Gyumri', 'Shirak', 'Armenia', 4.3, 'Historic inn'),
    ('Sunny Heights', '147-258-369', 'contact@sunnyheights.com', 'Stepanakert', 'Artsakh', 'Armenia', 4.4, 'Sunny hotel with views'),
    ('Royal Mountain', '148-259-370', 'info@royalmountain.com', 'Yerevan', 'Yerevan', 'Armenia', 4.9, 'Luxury mountain resort'),
    ('Forest Palace Inn', '149-260-371', 'contact@forestpalaceinn.com', 'Dilijan', 'Tavush', 'Armenia', 4.6, 'Forest palace'),
    ('Alpine Heights Lodge', '150-261-372', 'info@alpineheightslodge.com', 'Tsaghkadzor', 'Kotayk', 'Armenia', 4.7, 'Alpine lodge');


-- Employees
INSERT INTO employees (hotel_id, first_name, last_name, role, salary, email, phone)
VALUES
    (1, 'Aram', 'Petrosyan', 'Manager', 1500.00, 'aram1@sunrise.com', '091-100-001'),
    (1, 'Lilit', 'Hakobyan', 'Receptionist', 800.00, 'lilit1@sunrise.com', '091-100-002'),
    (2, 'Karen', 'Sargsyan', 'Manager', 1600.00, 'karen2@mountainview.com', '091-100-003'),
    (2, 'Anna', 'Mkrtchyan', 'Housekeeping', 700.00, 'anna2@mountainview.com', '091-100-004'),
    (3, 'Tigran', 'Petrosyan', 'Receptionist', 850.00, 'tigran3@riverside.com', '091-100-005'),
    (3, 'Narine', 'Hovhannisyan', 'Manager', 1500.00, 'narine3@riverside.com', '091-100-006'),
    (4, 'Vardan', 'Sargsyan', 'Chef', 1200.00, 'vardan4@citycenter.com', '091-100-007'),
    (4, 'Mariam', 'Hakobyan', 'Receptionist', 800.00, 'mariam4@citycenter.com', '091-100-008'),
    (5, 'David', 'Grigoryan', 'Manager', 1600.00, 'david5@forestretreat.com', '091-100-009'),
    (5, 'Sona', 'Avetisyan', 'Housekeeping', 700.00, 'sona5@forestretreat.com', '091-100-010'),
    (6, 'Armen', 'Karapetyan', 'Receptionist', 850.00, 'armen6@grandpalace.com', '091-100-011'),
    (6, 'Lusine', 'Grigoryan', 'Chef', 1200.00, 'lusine6@grandpalace.com', '091-100-012'),
    (7, 'Hrach', 'Minasyan', 'Manager', 1500.00, 'hrach7@lakeview.com', '091-100-013'),
    (7, 'Nane', 'Petrosyan', 'Receptionist', 800.00, 'nane7@lakeview.com', '091-100-014'),
    (8, 'Vahagn', 'Sargsyan', 'Housekeeping', 700.00, 'vahagn8@historicinn.com', '091-100-015'),
    (8, 'Tatev', 'Hovhannisyan', 'Manager', 1600.00, 'tatev8@historicinn.com', '091-100-016'),
    (9, 'Arpi', 'Mkrtchyan', 'Receptionist', 850.00, 'arpi9@sunnylodge.com', '091-100-017'),
    (9, 'Hovik', 'Grigoryan', 'Housekeeping', 700.00, 'hovik9@sunnylodge.com', '091-100-018'),
    (10, 'Siranush', 'Petrosyan', 'Manager', 1500.00, 'siranush10@alpine.com', '091-100-019'),
    (10, 'Edgar', 'Hakobyan', 'Receptionist', 800.00, 'edgar10@alpine.com', '091-100-020'),
    (11, 'Areg', 'Sargsyan', 'Manager', 1600.00, 'areg11@royalpalace.com', '091-100-021'),
    (11, 'Mari', 'Petrosyan', 'Housekeeping', 700.00, 'mari11@royalpalace.com', '091-100-022'),
    (12, 'Taron', 'Grigoryan', 'Receptionist', 850.00, 'taron12@sevanview.com', '091-100-023'),
    (12, 'Shushan', 'Mkrtchyan', 'Chef', 1200.00, 'shushan12@sevanview.com', '091-100-024'),
    (13, 'Gor', 'Sargsyan', 'Manager', 1500.00, 'gor13@mountainlodge.com', '091-100-025'),
    (13, 'Ani', 'Petrosyan', 'Receptionist', 800.00, 'ani13@mountainlodge.com', '091-100-026'),
    (14, 'Hakob', 'Grigoryan', 'Housekeeping', 700.00, 'hakob14@historicpalace.com', '091-100-027'),
    (14, 'Elena', 'Mkrtchyan', 'Manager', 1600.00, 'elena14@historicpalace.com', '091-100-028'),
    (15, 'Levon', 'Petrosyan', 'Receptionist', 850.00, 'levon15@luxuryinn.com', '091-100-029'),
    (15, 'Mariam', 'Grigoryan', 'Chef', 1200.00, 'mariam15@luxuryinn.com', '091-100-030'),
    (16, 'Narek', 'Sargsyan', 'Manager', 1500.00, 'narek16@grandview.com', '091-100-031'),
    (16, 'Anahit', 'Petrosyan', 'Receptionist', 800.00, 'anahit16@grandview.com', '091-100-032'),
    (17, 'Samvel', 'Grigoryan', 'Housekeeping', 700.00, 'samvel17@citylights.com', '091-100-033'),
    (17, 'Tamar', 'Mkrtchyan', 'Manager', 1600.00, 'tamar17@citylights.com', '091-100-034'),
    (18, 'Vahan', 'Petrosyan', 'Receptionist', 850.00, 'vahan18@seasideinn.com', '091-100-035'),
    (18, 'Nune', 'Grigoryan', 'Chef', 1200.00, 'nune18@seasideinn.com', '091-100-036'),
    (19, 'Armen', 'Mkrtchyan', 'Manager', 1500.00, 'armen19@forestpalace.com', '091-100-037'),
    (19, 'Lilit', 'Petrosyan', 'Receptionist', 800.00, 'lilit19@forestpalace.com', '091-100-038'),
    (20, 'Hovhannes', 'Grigoryan', 'Housekeeping', 700.00, 'hovhannes20@alpineheights.com', '091-100-039'),
    (20, 'Siran', 'Mkrtchyan', 'Manager', 1600.00, 'siran20@alpineheights.com', '091-100-040'),
    (21, 'Aram', 'Petrosyan', 'Receptionist', 850.00, 'aram21@stepanlodge.com', '091-100-041'),
    (21, 'Mariam', 'Grigoryan', 'Chef', 1200.00, 'mariam21@stepanlodge.com', '091-100-042'),
    (22, 'David', 'Mkrtchyan', 'Manager', 1500.00, 'david22@riverfront.com', '091-100-043'),
    (22, 'Narine', 'Petrosyan', 'Receptionist', 800.00, 'narine22@riverfront.com', '091-100-044'),
    (23, 'Karen', 'Grigoryan', 'Housekeeping', 700.00, 'karen23@goldenpalace.com', '091-100-045'),
    (23, 'Anna', 'Mkrtchyan', 'Manager', 1600.00, 'anna23@goldenpalace.com', '091-100-046'),
    (24, 'Tigran', 'Petrosyan', 'Receptionist', 850.00, 'tigran24@lakehouse.com', '091-100-047'),
    (24, 'Sona', 'Hakobyan', 'Chef', 1200.00, 'sona24@lakehouse.com', '091-100-048'),
    (25, 'Edgar', 'Grigoryan', 'Manager', 1500.00, 'edgar25@mountainpeak.com', '091-100-049'),
    (25, 'Arpi', 'Petrosyan', 'Receptionist', 800.00, 'arpi25@mountainpeak.com', '091-100-050');


-- Rooms
INSERT INTO rooms (hotel_id, room_number, room_type, capacity, availability_status, price_per_night, description)
VALUES
    (1, '101', 'Single', 1, 'AVAILABLE', 50.00, 'Cozy single room with city view'),
    (1, '102', 'Double', 2, 'AVAILABLE', 80.00, 'Spacious double room with balcony'),
    (2, '201', 'Suite', 4, 'AVAILABLE', 200.00, 'Luxury suite with mountain view'),
    (2, '202', 'Single', 1, 'AVAILABLE', 55.00, 'Comfortable single room with balcony'),
    (3, '301', 'Double', 2, 'AVAILABLE', 90.00, 'Double room with river view'),
    (3, '302', 'Suite', 3, 'AVAILABLE', 150.00, 'Suite with private terrace'),
    (4, '401', 'Single', 1, 'AVAILABLE', 60.00, 'Single room in city center'),
    (4, '402', 'Double', 2, 'AVAILABLE', 100.00, 'Double room with modern amenities'),
    (5, '501', 'Suite', 4, 'AVAILABLE', 180.00, 'Luxury suite with forest view'),
    (5, '502', 'Single', 1, 'AVAILABLE', 55.00, 'Cozy single room'),
    (6, '601', 'Double', 2, 'AVAILABLE', 120.00, 'Palace-style double room'),
    (6, '602', 'Suite', 3, 'AVAILABLE', 200.00, 'Suite with city panorama'),
    (7, '701', 'Single', 1, 'AVAILABLE', 65.00, 'Single room with lake view'),
    (7, '702', 'Double', 2, 'AVAILABLE', 110.00, 'Double room with balcony'),
    (8, '801', 'Suite', 4, 'AVAILABLE', 220.00, 'Historic inn suite with antique furniture'),
    (8, '802', 'Single', 1, 'AVAILABLE', 50.00, 'Cozy historic single room'),
    (9, '901', 'Double', 2, 'AVAILABLE', 90.00, 'Double room in sunny lodge'),
    (9, '902', 'Suite', 3, 'AVAILABLE', 160.00, 'Suite with terrace and forest view'),
    (10, '1001', 'Single', 1, 'AVAILABLE', 55.00, 'Single room at alpine resort'),
    (10, '1002', 'Double', 2, 'AVAILABLE', 100.00, 'Double room with mountain view'),
    (11, '1101', 'Suite', 4, 'AVAILABLE', 210.00, 'Royal palace luxury suite'),
    (11, '1102', 'Single', 1, 'AVAILABLE', 60.00, 'Single room with palace view'),
    (12, '1201', 'Double', 2, 'AVAILABLE', 95.00, 'Double room with lakefront view'),
    (12, '1202', 'Suite', 3, 'AVAILABLE', 170.00, 'Lakefront suite with balcony'),
    (13, '1301', 'Single', 1, 'AVAILABLE', 50.00, 'Single room in mountain lodge'),
    (13, '1302', 'Double', 2, 'AVAILABLE', 85.00, 'Double room with mountain view'),
    (14, '1401', 'Suite', 4, 'AVAILABLE', 220.00, 'Historic palace suite'),
    (14, '1402', 'Single', 1, 'AVAILABLE', 55.00, 'Cozy single room in palace'),
    (15, '1501', 'Double', 2, 'AVAILABLE', 100.00, 'Double room with city view'),
    (15, '1502', 'Suite', 3, 'AVAILABLE', 180.00, 'Suite with terrace'),
    (16, '1601', 'Single', 1, 'AVAILABLE', 60.00, 'Single room at grand view'),
    (16, '1602', 'Double', 2, 'AVAILABLE', 115.00, 'Double room with balcony'),
    (17, '1701', 'Suite', 4, 'AVAILABLE', 200.00, 'City lights luxury suite'),
    (17, '1702', 'Single', 1, 'AVAILABLE', 55.00, 'Single room with city view'),
    (18, '1801', 'Double', 2, 'AVAILABLE', 90.00, 'Seaside inn double room'),
    (18, '1802', 'Suite', 3, 'AVAILABLE', 160.00, 'Seaside suite with balcony'),
    (19, '1901', 'Single', 1, 'AVAILABLE', 50.00, 'Forest palace single room'),
    (19, '1902', 'Double', 2, 'AVAILABLE', 100.00, 'Forest palace double room'),
    (20, '2001', 'Suite', 4, 'AVAILABLE', 210.00, 'Alpine heights suite with view'),
    (20, '2002', 'Single', 1, 'AVAILABLE', 55.00, 'Alpine heights single room'),
    (21, '2101', 'Double', 2, 'AVAILABLE', 95.00, 'Stepan lodge double room'),
    (21, '2102', 'Suite', 3, 'AVAILABLE', 175.00, 'Stepan lodge suite with balcony'),
    (22, '2201', 'Single', 1, 'AVAILABLE', 50.00, 'Riverfront single room'),
    (22, '2202', 'Double', 2, 'AVAILABLE', 100.00, 'Riverfront double room'),
    (23, '2301', 'Suite', 4, 'AVAILABLE', 220.00, 'Golden palace luxury suite'),
    (23, '2302', 'Single', 1, 'AVAILABLE', 60.00, 'Golden palace single room'),
    (24, '2401', 'Double', 2, 'AVAILABLE', 95.00, 'Lakehouse double room'),
    (24, '2402', 'Suite', 3, 'AVAILABLE', 180.00, 'Lakehouse suite with terrace'),
    (25, '2501', 'Single', 1, 'AVAILABLE', 55.00, 'Mountain peak single room'),
    (25, '2502', 'Double', 2, 'AVAILABLE', 105.00, 'Mountain peak double room');


-- ROOM_AMENITIES

INSERT INTO room_amenities (room_id, description)
VALUES
    (1, 'Free Wi-Fi'), (1, 'Air Conditioning'),
    (2, 'Free Wi-Fi'), (2, 'Breakfast included'),
    (3, 'Jacuzzi'), (3, 'Mountain View'),
    (4, 'Free Wi-Fi'), (4, 'TV'),
    (5, 'Balcony'), (5, 'River View'),
    (6, 'Mini Bar'), (6, 'City View'),
    (7, 'Forest View'), (7, 'Fireplace'),
    (8, 'Historic Decor'), (8, 'Free Breakfast'),
    (9, 'Lake View'), (9, 'Private Balcony'),
    (10, 'Ski Access'), (10, 'Heated Floors'),
    (11, 'Ocean View'), (11, 'Free Parking'),
    (12, 'Balcony'), (12, 'Coffee Maker'),
    (13, 'Mountain View'), (13, 'Desk'),
    (14, 'City View'), (14, 'Mini Bar'),
    (15, 'Terrace'), (15, 'TV'),
    (16, 'Fireplace'), (16, 'Bathtub'),
    (17, 'Balcony'), (17, 'Air Conditioning'),
    (18, 'Sea View'), (18, 'Free Wi-Fi'),
    (19, 'Forest View'), (19, 'Breakfast included'),
    (20, 'Mountain View'), (20, 'TV'),
    (21, 'Private Balcony'), (21, 'Mini Bar'),
    (22, 'Desk'), (22, 'Air Conditioning'),
    (23, 'Luxury Decor'), (23, 'Fireplace'),
    (24, 'Terrace'), (24, 'Coffee Maker'),
    (25, 'Mountain View'), (25, 'Free Wi-Fi'),
    (26, 'Balcony'), (26, 'Desk'),
    (27, 'TV'), (27, 'Mini Bar'),
    (28, 'City View'), (28, 'Bathtub'),
    (29, 'Lake View'), (29, 'Terrace'),
    (30, 'Fireplace'), (30, 'Air Conditioning'),
    (31, 'Ocean View'), (31, 'Balcony'),
    (32, 'Desk'), (32, 'Free Wi-Fi'),
    (33, 'Terrace'), (33, 'Coffee Maker'),
    (34, 'Mountain View'), (34, 'Bathtub'),
    (35, 'Balcony'), (35, 'Fireplace'),
    (36, 'TV'), (36, 'Mini Bar'),
    (37, 'City View'), (37, 'Desk'),
    (38, 'Terrace'), (38, 'Air Conditioning'),
    (39, 'Forest View'), (39, 'Free Wi-Fi'),
    (40, 'Mountain View'), (40, 'Fireplace'),
    (41, 'Balcony'), (41, 'TV'),
    (42, 'Desk'), (42, 'Mini Bar'),
    (43, 'Terrace'), (43, 'Bathtub'),
    (44, 'Sea View'), (44, 'Air Conditioning'),
    (45, 'Lake View'), (45, 'Free Wi-Fi'),
    (46, 'Balcony'), (46, 'Fireplace'),
    (47, 'Terrace'), (47, 'Desk'),
    (48, 'Mountain View'), (48, 'Coffee Maker'),
    (49, 'Private Balcony'), (49, 'Mini Bar'),
    (50, 'TV'), (50, 'Air Conditioning');



-- CUSTOMERS
INSERT INTO customers (first_name, last_name, email, phone, address, date_registered)
VALUES
    ('Aram', 'Petrosyan', 'aram.petrosyan@example.com', '091-100-001', '1 Aram Street, Yerevan', CURRENT_DATE),
    ('Lilit', 'Hakobyan', 'lilit.hakobyan@example.com', '091-100-002', '2 Lilit Avenue, Yerevan', CURRENT_DATE),
    ('Karen', 'Sargsyan', 'karen.sargsyan@example.com', '091-100-003', '3 Karen Street, Dilijan', CURRENT_DATE),
    ('Anna', 'Mkrtchyan', 'anna.mkrtchyan@example.com', '091-100-004', '4 Anna Street, Gyumri', CURRENT_DATE),
    ('Tigran', 'Petrosyan', 'tigran.petrosyan@example.com', '091-100-005', '5 Tigran Street, Yerevan', CURRENT_DATE),
    ('Narine', 'Hovhannisyan', 'narine.hovhannisyan@example.com', '091-100-006', '6 Narine Ave, Yerevan', CURRENT_DATE),
    ('Vardan', 'Sargsyan', 'vardan.sargsyan@example.com', '091-100-007', '7 Vardan Street, Dilijan', CURRENT_DATE),
    ('Mariam', 'Hakobyan', 'mariam.hakobyan@example.com', '091-100-008', '8 Mariam Street, Sevan', CURRENT_DATE),
    ('David', 'Grigoryan', 'david.grigoryan@example.com', '091-100-009', '9 David Street, Gyumri', CURRENT_DATE),
    ('Sona', 'Avetisyan', 'sona.avetisyan@example.com', '091-100-010', '10 Sona Street, Yerevan', CURRENT_DATE),
    ('Armen', 'Karapetyan', 'armen.karapetyan@example.com', '091-100-011', '11 Armen St, Tsaghkadzor', CURRENT_DATE),
    ('Lusine', 'Grigoryan', 'lusine.grigoryan@example.com', '091-100-012', '12 Lusine St, Yerevan', CURRENT_DATE),
    ('Hayk', 'Vardanyan', 'hayk.vardanyan@example.com', '091-100-013', '13 Hayk Street, Stepanakert', CURRENT_DATE),
    ('Anahit', 'Mkrtchyan', 'anahit.mkrtchyan@example.com', '091-100-014', '14 Anahit Ave, Yerevan', CURRENT_DATE),
    ('Levon', 'Baghdasaryan', 'levon.baghdasaryan@example.com', '091-100-015', '15 Levon St, Gyumri', CURRENT_DATE),
    ('Naira', 'Karapetyan', 'naira.karapetyan@example.com', '091-100-016', '16 Naira St, Yerevan', CURRENT_DATE),
    ('Vahagn', 'Petrosyan', 'vahagn.petrosyan@example.com', '091-100-017', '17 Vahagn St, Dilijan', CURRENT_DATE),
    ('Armine', 'Hovhannisyan', 'armine.hovhannisyan@example.com', '091-100-018', '18 Armine St, Yerevan', CURRENT_DATE),
    ('Grigor', 'Sargsyan', 'grigor.sargsyan@example.com', '091-100-019', '19 Grigor St, Sevan', CURRENT_DATE),
    ('Elena', 'Harutyunyan', 'elena.harutyunyan@example.com', '091-100-020', '20 Elena St, Gyumri', CURRENT_DATE),
    ('Armen', 'Avetisyan', 'armen.avetisyan@example.com', '091-100-021', '21 Armen St, Tsaghkadzor', CURRENT_DATE),
    ('Gayane', 'Mkrtchyan', 'gayane.mkrtchyan@example.com', '091-100-022', '22 Gayane St, Yerevan', CURRENT_DATE),
    ('David', 'Hakobyan', 'david.hakobyan@example.com', '091-100-023', '23 David St, Dilijan', CURRENT_DATE),
    ('Narine', 'Petrosyan', 'narine.petrosyan@example.com', '091-100-024', '24 Narine St, Yerevan', CURRENT_DATE),
    ('Levon', 'Grigoryan', 'levon.grigoryan@example.com', '091-100-025', '25 Levon St, Gyumri', CURRENT_DATE),
    ('Siranush', 'Karapetyan', 'siranush.karapetyan@example.com', '091-100-026', '26 Siranush St, Yerevan', CURRENT_DATE),
    ('Vardan', 'Hakobyan', 'vardan.hakobyan@example.com', '091-100-027', '27 Vardan St, Sevan', CURRENT_DATE),
    ('Mariam', 'Sargsyan', 'mariam.sargsyan@example.com', '091-100-028', '28 Mariam St, Yerevan', CURRENT_DATE),
    ('Aram', 'Mkrtchyan', 'aram.mkrtchyan@example.com', '091-100-029', '29 Aram St, Gyumri', CURRENT_DATE),
    ('Tigran', 'Grigoryan', 'tigran.grigoryan@example.com', '091-100-030', '30 Tigran St, Yerevan', CURRENT_DATE),
    ('Anna', 'Avetisyan', 'anna.avetisyan@example.com', '091-100-031', '31 Anna St, Dilijan', CURRENT_DATE),
    ('Hayk', 'Petrosyan', 'hayk.petrosyan@example.com', '091-100-032', '32 Hayk St, Yerevan', CURRENT_DATE),
    ('Lilit', 'Sargsyan', 'lilit.sargsyan@example.com', '091-100-033', '33 Lilit St, Gyumri', CURRENT_DATE),
    ('Narine', 'Mkrtchyan', 'narine.mkrtchyan2@example.com', '091-100-034', '34 Narine St, Yerevan', CURRENT_DATE),
    ('David', 'Hakobyan', 'david.hakobyan2@example.com', '091-100-035', '35 David St, Sevan', CURRENT_DATE),
    ('Elena', 'Petrosyan', 'elena.petrosyan@example.com', '091-100-036', '36 Elena St, Yerevan', CURRENT_DATE),
    ('Levon', 'Mkrtchyan', 'levon.mkrtchyan2@example.com', '091-100-037', '37 Levon St, Gyumri', CURRENT_DATE),
    ('Sona', 'Grigoryan', 'sona.grigoryan@example.com', '091-100-038', '38 Sona St, Yerevan', CURRENT_DATE),
    ('Vahagn', 'Avetisyan', 'vahagn.avetisyan@example.com', '091-100-039', '39 Vahagn St, Dilijan', CURRENT_DATE),
    ('Armine', 'Petrosyan', 'armine.petrosyan2@example.com', '091-100-040', '40 Armine St, Yerevan', CURRENT_DATE),
    ('Aram', 'Hakobyan', 'aram.hakobyan2@example.com', '091-100-041', '41 Aram St, Gyumri', CURRENT_DATE),
    ('Lusine', 'Sargsyan', 'lusine.sargsyan2@example.com', '091-100-042', '42 Lusine St, Yerevan', CURRENT_DATE),
    ('Karen', 'Mkrtchyan', 'karen.mkrtchyan2@example.com', '091-100-043', '43 Karen St, Sevan', CURRENT_DATE),
    ('Naira', 'Grigoryan', 'naira.grigoryan2@example.com', '091-100-044', '44 Naira St, Yerevan', CURRENT_DATE),
    ('David', 'Avetisyan', 'david.avetisyan2@example.com', '091-100-045', '45 David St, Gyumri', CURRENT_DATE),
    ('Siranush', 'Petrosyan', 'siranush.petrosyan2@example.com', '091-100-046', '46 Siranush St, Yerevan', CURRENT_DATE),
    ('Mariam', 'Hakobyan', 'mariam.hakobyan2@example.com', '091-100-047', '47 Mariam St, Sevan', CURRENT_DATE),
    ('Armen', 'Sargsyan', 'armen.sargsyan2@example.com', '091-100-048', '48 Armen St, Yerevan', CURRENT_DATE),
    ('Lilit', 'Mkrtchyan', 'lilit.mkrtchyan2@example.com', '091-100-049', '49 Lilit St, Gyumri', CURRENT_DATE),
    ('Hayk', 'Grigoryan', 'hayk.grigoryan2@example.com', '091-100-050', '50 Hayk St, Yerevan', CURRENT_DATE);


-- USER_ACCOUNTS
INSERT INTO user_accounts (customer_id, username, password_hash, role, status, created_at)
VALUES
    (1, 'aramp', 'hash1', 'CUSTOMER', 'ACTIVE', CURRENT_TIMESTAMP),
    (2, 'lilith', 'hash2', 'CUSTOMER', 'ACTIVE', CURRENT_TIMESTAMP),
    (3, 'karens', 'hash3', 'CUSTOMER', 'ACTIVE', CURRENT_TIMESTAMP),
    (4, 'annam', 'hash4', 'CUSTOMER', 'ACTIVE', CURRENT_TIMESTAMP),
    (5, 'tigranp', 'hash5', 'CUSTOMER', 'ACTIVE', CURRENT_TIMESTAMP),
    (6, 'narineh', 'hash6', 'CUSTOMER', 'ACTIVE', CURRENT_TIMESTAMP),
    (7, 'vardans', 'hash7', 'CUSTOMER', 'ACTIVE', CURRENT_TIMESTAMP),
    (8, 'mariamh', 'hash8', 'CUSTOMER', 'ACTIVE', CURRENT_TIMESTAMP),
    (9, 'davidg', 'hash9', 'CUSTOMER', 'ACTIVE', CURRENT_TIMESTAMP),
    (10, 'sonaa', 'hash10', 'CUSTOMER', 'ACTIVE', CURRENT_TIMESTAMP),
    (11, 'armenkar', 'hash11', 'CUSTOMER', 'ACTIVE', CURRENT_TIMESTAMP),
    (12, 'lusineg', 'hash12', 'CUSTOMER', 'ACTIVE', CURRENT_TIMESTAMP),
    (13, 'haykv', 'hash13', 'CUSTOMER', 'ACTIVE', CURRENT_TIMESTAMP),
    (14, 'anahitm', 'hash14', 'CUSTOMER', 'ACTIVE', CURRENT_TIMESTAMP),
    (15, 'levonb', 'hash15', 'CUSTOMER', 'ACTIVE', CURRENT_TIMESTAMP),
    (16, 'nairak', 'hash16', 'CUSTOMER', 'ACTIVE', CURRENT_TIMESTAMP),
    (17, 'vahagnp', 'hash17', 'CUSTOMER', 'ACTIVE', CURRENT_TIMESTAMP),
    (18, 'armineh', 'hash18', 'CUSTOMER', 'ACTIVE', CURRENT_TIMESTAMP),
    (19, 'grigors', 'hash19', 'CUSTOMER', 'ACTIVE', CURRENT_TIMESTAMP),
    (20, 'elenaH', 'hash20', 'CUSTOMER', 'ACTIVE', CURRENT_TIMESTAMP),
    (21, 'armenA', 'hash21', 'CUSTOMER', 'ACTIVE', CURRENT_TIMESTAMP),
    (22, 'gayanem', 'hash22', 'CUSTOMER', 'ACTIVE', CURRENT_TIMESTAMP),
    (23, 'davidh', 'hash23', 'CUSTOMER', 'ACTIVE', CURRENT_TIMESTAMP),
    (24, 'narinep', 'hash24', 'CUSTOMER', 'ACTIVE', CURRENT_TIMESTAMP),
    (25, 'levong', 'hash25', 'CUSTOMER', 'ACTIVE', CURRENT_TIMESTAMP),
    (26, 'siranushk', 'hash26', 'CUSTOMER', 'ACTIVE', CURRENT_TIMESTAMP),
    (27, 'vardanh', 'hash27', 'CUSTOMER', 'ACTIVE', CURRENT_TIMESTAMP),
    (28, 'mariams', 'hash28', 'CUSTOMER', 'ACTIVE', CURRENT_TIMESTAMP),
    (29, 'aramM', 'hash29', 'CUSTOMER', 'ACTIVE', CURRENT_TIMESTAMP),
    (30, 'tigrang', 'hash30', 'CUSTOMER', 'ACTIVE', CURRENT_TIMESTAMP),
    (31, 'annaa', 'hash31', 'CUSTOMER', 'ACTIVE', CURRENT_TIMESTAMP),
    (32, 'haykp', 'hash32', 'CUSTOMER', 'ACTIVE', CURRENT_TIMESTAMP),
    (33, 'lilits', 'hash33', 'CUSTOMER', 'ACTIVE', CURRENT_TIMESTAMP),
    (34, 'narinem2', 'hash34', 'CUSTOMER', 'ACTIVE', CURRENT_TIMESTAMP),
    (35, 'davidh2', 'hash35', 'CUSTOMER', 'ACTIVE', CURRENT_TIMESTAMP),
    (36, 'elenap', 'hash36', 'CUSTOMER', 'ACTIVE', CURRENT_TIMESTAMP),
    (37, 'levonm2', 'hash37', 'CUSTOMER', 'ACTIVE', CURRENT_TIMESTAMP),
    (38, 'sonag', 'hash38', 'CUSTOMER', 'ACTIVE', CURRENT_TIMESTAMP),
    (39, 'vahagna', 'hash39', 'CUSTOMER', 'ACTIVE', CURRENT_TIMESTAMP),
    (40, 'arminep2', 'hash40', 'CUSTOMER', 'ACTIVE', CURRENT_TIMESTAMP),
    (41, 'aramh2', 'hash41', 'CUSTOMER', 'ACTIVE', CURRENT_TIMESTAMP),
    (42, 'lusines2', 'hash42', 'CUSTOMER', 'ACTIVE', CURRENT_TIMESTAMP),
    (43, 'karenm2', 'hash43', 'CUSTOMER', 'ACTIVE', CURRENT_TIMESTAMP),
    (44, 'nairag2', 'hash44', 'CUSTOMER', 'ACTIVE', CURRENT_TIMESTAMP),
    (45, 'davidA2', 'hash45', 'CUSTOMER', 'ACTIVE', CURRENT_TIMESTAMP),
    (46, 'siranushp2', 'hash46', 'CUSTOMER', 'ACTIVE', CURRENT_TIMESTAMP),
    (47, 'mariamh2', 'hash47', 'CUSTOMER', 'ACTIVE', CURRENT_TIMESTAMP),
    (48, 'armens2', 'hash48', 'CUSTOMER', 'ACTIVE', CURRENT_TIMESTAMP),
    (49, 'lilitm2', 'hash49', 'CUSTOMER', 'ACTIVE', CURRENT_TIMESTAMP),
    (50, 'haykg2', 'hash50', 'CUSTOMER', 'ACTIVE', CURRENT_TIMESTAMP);


-- REVIEWS with random dates
INSERT INTO reviews (customer_id, room_id, rating, comments, review_date)
VALUES
    (1, 1, 4.5, 'Very comfortable and clean room.', '2025-01-12'),
    (2, 2, 4.0, 'Nice view and friendly staff.', '2025-02-05'),
    (3, 3, 5.0, 'Luxury suite with amazing balcony!', '2025-03-20'),
    (4, 4, 3.5, 'Cozy, but small for a suite.', '2025-04-15'),
    (5, 5, 4.2, 'Loved the river view.', '2025-05-10'),
    (6, 6, 4.8, 'Excellent central location.', '2025-06-18'),
    (7, 7, 4.6, 'Quiet and peaceful stay.', '2025-07-22'),
    (8, 8, 3.9, 'Nice historic touches.', '2025-08-30'),
    (9, 1, 4.1, 'Good value for money.', '2025-09-05'),
    (10, 2, 4.3, 'Staff was very helpful.', '2025-10-12'),
    (11, 3, 5.0, 'Absolutely loved the Jacuzzi.', '2025-11-02'),
    (12, 4, 3.8, 'Decent but could be cleaner.', '2025-11-15'),
    (13, 5, 4.4, 'Beautiful balcony and view.', '2025-12-01'),
    (14, 6, 4.7, 'Perfect for city stay.', '2025-01-28'),
    (15, 7, 4.5, 'Lake view is breathtaking.', '2025-02-16'),
    (16, 8, 3.7, 'Historic feel was nice.', '2025-03-11'),
    (17, 1, 4.0, 'Comfortable bed.', '2025-04-23'),
    (18, 2, 4.2, 'Great for a short trip.', '2025-05-19'),
    (19, 3, 5.0, 'Amazing suite experience!', '2025-06-07'),
    (20, 4, 3.6, 'Good but a bit noisy.', '2025-07-29'),
    (21, 5, 4.3, 'Forest view is serene.', '2025-08-14'),
    (22, 6, 4.9, 'Perfect location and staff.', '2025-09-09'),
    (23, 7, 4.4, 'Great amenities.', '2025-10-03'),
    (24, 8, 3.8, 'Cozy and historic.', '2025-11-20'),
    (25, 1, 4.1, 'Nice room for a solo traveler.', '2025-12-05'),
    (26, 2, 4.0, 'Clean and convenient.', '2025-01-17'),
    (27, 3, 5.0, 'Highly recommend the suite.', '2025-02-28'),
    (28, 4, 3.7, 'Ok for a weekend stay.', '2025-03-19'),
    (29, 5, 4.5, 'Loved the nature around.', '2025-04-04'),
    (30, 6, 4.8, 'Very elegant room.', '2025-05-27'),
    (31, 7, 4.6, 'Beautiful lake view.', '2025-06-30'),
    (32, 8, 3.9, 'Nice historical building.', '2025-07-16'),
    (33, 1, 4.2, 'Room was clean and tidy.', '2025-08-21'),
    (34, 2, 4.1, 'Staff very friendly.', '2025-09-12'),
    (35, 3, 5.0, 'Suite was top-notch.', '2025-10-25'),
    (36, 4, 3.5, 'Comfortable but small.', '2025-11-08'),
    (37, 5, 4.4, 'Peaceful environment.', '2025-12-11'),
    (38, 6, 4.9, 'Highly recommend this hotel.', '2025-01-06'),
    (39, 7, 4.5, 'Good service and view.', '2025-02-14'),
    (40, 8, 3.8, 'Nice historical ambiance.', '2025-03-27'),
    (41, 1, 4.0, 'Satisfied with my stay.', '2025-04-12'),
    (42, 2, 4.2, 'Convenient location.', '2025-05-21'),
    (43, 3, 5.0, 'Fantastic suite experience!', '2025-06-15'),
    (44, 4, 3.6, 'Could be cleaner.', '2025-07-10'),
    (45, 5, 4.3, 'Loved the natural surroundings.', '2025-08-03'),
    (46, 6, 4.8, 'Elegant and well-maintained.', '2025-09-27'),
    (47, 7, 4.6, 'Amazing lake view.', '2025-10-19'),
    (48, 8, 3.9, 'Historic charm.', '2025-11-30'),
    (49, 1, 4.1, 'Comfortable and tidy.', '2025-12-22'),
    (50, 2, 4.0, 'Good location for tourists.', '2025-01-09');


-- RESERVATIONS
INSERT INTO reservations (customer_id, reservation_date, check_in_date, check_out_date, status, total_amount)
VALUES
    (1, '2025-11-01', '2025-11-05', '2025-11-08', 'CONFIRMED', 150.00),
    (2, '2025-11-03', '2025-11-07', '2025-11-10', 'PENDING', 200.00),
    (3, '2025-11-05', '2025-11-12', '2025-11-15', 'CANCELLED', 180.00),
    (4, '2025-11-06', '2025-11-10', '2025-11-12', 'CONFIRMED', 80.00),
    (5, '2025-11-08', '2025-11-15', '2025-11-18', 'CONFIRMED', 220.00),
    (6, '2025-11-10', '2025-11-14', '2025-11-16', 'PENDING', 90.00),
    (7, '2025-11-11', '2025-11-16', '2025-11-19', 'CONFIRMED', 120.00),
    (8, '2025-11-12', '2025-11-18', '2025-11-22', 'CANCELLED', 300.00),
    (9, '2025-11-14', '2025-11-20', '2025-11-23', 'CONFIRMED', 250.00),
    (10, '2025-11-15', '2025-11-21', '2025-11-24', 'CONFIRMED', 140.00),
    (11, '2025-11-16', '2025-11-22', '2025-11-25', 'PENDING', 160.00),
    (12, '2025-11-17', '2025-11-23', '2025-11-26', 'CONFIRMED', 180.00),
    (13, '2025-11-18', '2025-11-24', '2025-11-26', 'CONFIRMED', 70.00),
    (14, '2025-11-19', '2025-11-25', '2025-11-28', 'CANCELLED', 200.00),
    (15, '2025-11-20', '2025-11-26', '2025-11-30', 'CONFIRMED', 220.00),
    (16, '2025-11-21', '2025-11-27', '2025-11-29', 'CONFIRMED', 100.00),
    (17, '2025-11-22', '2025-11-28', '2025-12-01', 'PENDING', 150.00),
    (18, '2025-11-23', '2025-11-29', '2025-12-02', 'CONFIRMED', 190.00),
    (19, '2025-11-24', '2025-12-01', '2025-12-03', 'CANCELLED', 130.00),
    (20, '2025-11-25', '2025-12-02', '2025-12-05', 'CONFIRMED', 120.00),
    (21, '2025-11-26', '2025-12-03', '2025-12-07', 'CONFIRMED', 200.00),
    (22, '2025-11-27', '2025-12-04', '2025-12-06', 'PENDING', 150.00),
    (23, '2025-11-28', '2025-12-05', '2025-12-08', 'CONFIRMED', 240.00),
    (24, '2025-11-29', '2025-12-06', '2025-12-09', 'CANCELLED', 170.00),
    (25, '2025-11-30', '2025-12-07', '2025-12-10', 'CONFIRMED', 130.00),
    (26, '2025-12-01', '2025-12-08', '2025-12-12', 'CONFIRMED', 280.00),
    (27, '2025-12-02', '2025-12-09', '2025-12-11', 'PENDING', 160.00),
    (28, '2025-12-03', '2025-12-10', '2025-12-13', 'CONFIRMED', 180.00),
    (29, '2025-12-04', '2025-12-11', '2025-12-12', 'CONFIRMED', 90.00),
    (30, '2025-12-05', '2025-12-13', '2025-12-15', 'CANCELLED', 220.00),
    (31, '2025-12-06', '2025-12-14', '2025-12-18', 'CONFIRMED', 210.00),
    (32, '2025-12-07', '2025-12-15', '2025-12-17', 'CONFIRMED', 100.00),
    (33, '2025-12-08', '2025-12-16', '2025-12-19', 'PENDING', 150.00),
    (34, '2025-12-09', '2025-12-17', '2025-12-20', 'CONFIRMED', 190.00),
    (35, '2025-12-10', '2025-12-18', '2025-12-21', 'CANCELLED', 130.00),
    (36, '2025-12-11', '2025-12-19', '2025-12-22', 'CONFIRMED', 120.00),
    (37, '2025-12-12', '2025-12-20', '2025-12-23', 'CONFIRMED', 200.00),
    (38, '2025-12-13', '2025-12-21', '2025-12-25', 'PENDING', 150.00),
    (39, '2025-12-14', '2025-12-22', '2025-12-26', 'CONFIRMED', 240.00),
    (40, '2025-12-15', '2025-12-23', '2025-12-27', 'CANCELLED', 170.00),
    (41, '2025-12-16', '2025-12-24', '2025-12-28', 'CONFIRMED', 130.00),
    (42, '2025-12-17', '2025-12-25', '2025-12-29', 'CONFIRMED', 280.00),
    (43, '2025-12-18', '2025-12-26', '2025-12-30', 'PENDING', 160.00),
    (44, '2025-12-19', '2025-12-27', '2025-12-31', 'CONFIRMED', 180.00),
    (45, '2025-12-20', '2025-12-28', '2026-01-01', 'CONFIRMED', 90.00),
    (46, '2025-12-21', '2025-12-29', '2026-01-02', 'CANCELLED', 220.00),
    (47, '2025-12-22', '2025-12-30', '2026-01-03', 'CONFIRMED', 210.00),
    (48, '2025-12-23', '2025-12-31', '2026-01-04', 'CONFIRMED', 100.00),
    (49, '2025-12-24', '2026-01-01', '2026-01-05', 'PENDING', 150.00),
    (50, '2025-12-25', '2026-01-02', '2026-01-06', 'CONFIRMED', 190.00);


-- RESERVATION_ROOMS
INSERT INTO reservation_rooms (reservation_id, room_id, nights, price_per_night)
VALUES
    (1, 1, 3, 50.00),
    (2, 2, 3, 80.00),
    (3, 3, 3, 200.00),
    (4, 4, 2, 55.00),
    (5, 5, 3, 90.00),
    (6, 6, 2, 150.00),
    (7, 7, 2, 60.00),
    (8, 8, 4, 120.00),
    (9, 9, 3, 180.00),
    (10, 10, 2, 45.00),
    (11, 1, 3, 50.00),
    (12, 2, 3, 80.00),
    (13, 3, 2, 200.00),
    (14, 4, 2, 55.00),
    (15, 5, 3, 90.00),
    (16, 6, 2, 150.00),
    (17, 7, 2, 60.00),
    (18, 8, 3, 120.00),
    (19, 9, 3, 180.00),
    (20, 10, 2, 45.00),
    (21, 1, 3, 50.00),
    (22, 2, 3, 80.00),
    (23, 3, 3, 200.00),
    (24, 4, 2, 55.00),
    (25, 5, 3, 90.00),
    (26, 6, 2, 150.00),
    (27, 7, 2, 60.00),
    (28, 8, 3, 120.00),
    (29, 9, 2, 180.00),
    (30, 10, 3, 45.00),
    (31, 1, 3, 50.00),
    (32, 2, 2, 80.00),
    (33, 3, 3, 200.00),
    (34, 4, 2, 55.00),
    (35, 5, 3, 90.00),
    (36, 6, 2, 150.00),
    (37, 7, 3, 60.00),
    (38, 8, 3, 120.00),
    (39, 9, 2, 180.00),
    (40, 10, 3, 45.00),
    (41, 1, 3, 50.00),
    (42, 2, 3, 80.00),
    (43, 3, 2, 200.00),
    (44, 4, 3, 55.00),
    (45, 5, 2, 90.00),
    (46, 6, 3, 150.00),
    (47, 7, 2, 60.00),
    (48, 8, 3, 120.00),
    (49, 9, 3, 180.00),
    (50, 10, 2, 45.00);


-- INVOICES
INSERT INTO invoices (invoice_date, invoice_total, tax_amount, notes)
VALUES
    ('2025-01-03', 250.00, 25.00, 'Booking payment for Sunrise Hotel'),
    ('2025-01-07', 120.00, 12.00, 'Booking payment for Mountain View Resort'),
    ('2025-01-10', 450.00, 45.00, 'Booking payment for RiverSide Inn'),
    ('2025-01-15', 180.00, 18.00, 'Booking payment for City Center Hotel'),
    ('2025-01-20', 320.00, 32.00, 'Booking payment for Forest Retreat'),
    ('2025-01-25', 700.00, 70.00, 'Booking payment for Grand Palace'),
    ('2025-02-01', 220.00, 22.00, 'Booking payment for Lakeview Hotel'),
    ('2025-02-05', 150.00, 15.00, 'Booking payment for Historic Inn'),
    ('2025-02-09', 400.00, 40.00, 'Booking payment for Sunny Lodge'),
    ('2025-02-13', 500.00, 50.00, 'Booking payment for Alpine Resort'),
    ('2025-02-17', 260.00, 26.00, 'Booking payment for Sunrise Hotel'),
    ('2025-02-21', 190.00, 19.00, 'Booking payment for Mountain View Resort'),
    ('2025-02-25', 470.00, 47.00, 'Booking payment for RiverSide Inn'),
    ('2025-03-01', 175.00, 17.50, 'Booking payment for City Center Hotel'),
    ('2025-03-05', 330.00, 33.00, 'Booking payment for Forest Retreat'),
    ('2025-03-09', 710.00, 71.00, 'Booking payment for Grand Palace'),
    ('2025-03-13', 225.00, 22.50, 'Booking payment for Lakeview Hotel'),
    ('2025-03-17', 155.00, 15.50, 'Booking payment for Historic Inn'),
    ('2025-03-21', 420.00, 42.00, 'Booking payment for Sunny Lodge'),
    ('2025-03-25', 510.00, 51.00, 'Booking payment for Alpine Resort'),
    ('2025-03-29', 270.00, 27.00, 'Booking payment for Sunrise Hotel'),
    ('2025-04-02', 195.00, 19.50, 'Booking payment for Mountain View Resort'),
    ('2025-04-06', 480.00, 48.00, 'Booking payment for RiverSide Inn'),
    ('2025-04-10', 185.00, 18.50, 'Booking payment for City Center Hotel'),
    ('2025-04-14', 340.00, 34.00, 'Booking payment for Forest Retreat'),
    ('2025-04-18', 720.00, 72.00, 'Booking payment for Grand Palace'),
    ('2025-04-22', 230.00, 23.00, 'Booking payment for Lakeview Hotel'),
    ('2025-04-26', 160.00, 16.00, 'Booking payment for Historic Inn'),
    ('2025-04-30', 430.00, 43.00, 'Booking payment for Sunny Lodge'),
    ('2025-05-04', 520.00, 52.00, 'Booking payment for Alpine Resort'),
    ('2025-05-08', 280.00, 28.00, 'Booking payment for Sunrise Hotel'),
    ('2025-05-12', 200.00, 20.00, 'Booking payment for Mountain View Resort'),
    ('2025-05-16', 490.00, 49.00, 'Booking payment for RiverSide Inn'),
    ('2025-05-20', 190.00, 19.00, 'Booking payment for City Center Hotel'),
    ('2025-05-24', 350.00, 35.00, 'Booking payment for Forest Retreat'),
    ('2025-05-28', 730.00, 73.00, 'Booking payment for Grand Palace'),
    ('2025-06-01', 235.00, 23.50, 'Booking payment for Lakeview Hotel'),
    ('2025-06-05', 165.00, 16.50, 'Booking payment for Historic Inn'),
    ('2025-06-09', 440.00, 44.00, 'Booking payment for Sunny Lodge'),
    ('2025-06-13', 530.00, 53.00, 'Booking payment for Alpine Resort'),
    ('2025-06-17', 290.00, 29.00, 'Booking payment for Sunrise Hotel'),
    ('2025-06-21', 210.00, 21.00, 'Booking payment for Mountain View Resort'),
    ('2025-06-25', 500.00, 50.00, 'Booking payment for RiverSide Inn'),
    ('2025-06-29', 195.00, 19.50, 'Booking payment for City Center Hotel'),
    ('2025-07-03', 360.00, 36.00, 'Booking payment for Forest Retreat'),
    ('2025-07-07', 740.00, 74.00, 'Booking payment for Grand Palace'),
    ('2025-07-11', 240.00, 24.00, 'Booking payment for Lakeview Hotel'),
    ('2025-07-15', 170.00, 17.00, 'Booking payment for Historic Inn'),
    ('2025-07-19', 450.00, 45.00, 'Booking payment for Sunny Lodge'),
    ('2025-07-23', 540.00, 54.00, 'Booking payment for Alpine Resort'),
    ('2025-07-27', 300.00, 30.00, 'Booking payment for Sunrise Hotel'),
    ('2025-07-31', 220.00, 22.00, 'Booking payment for Mountain View Resort'),
    ('2025-08-04', 510.00, 51.00, 'Booking payment for RiverSide Inn'),
    ('2025-08-08', 200.00, 20.00, 'Booking payment for City Center Hotel');



-- PAYMENTS
INSERT INTO payments (reservation_id, payment_date, payment_status, payment_method, amount_paid, invoice_id)
VALUES
    (1, '2025-01-04 10:15:00', 'PAID', 'CREDIT_CARD', 250.00, 1),
    (2, '2025-01-08 14:30:00', 'PAID', 'CASH', 120.00, 2),
    (3, '2025-01-11 09:45:00', 'PAID', 'BANK_TRANSFER', 450.00, 3),
    (4, '2025-01-16 11:20:00', 'PAID', 'CREDIT_CARD', 180.00, 4),
    (5, '2025-01-21 15:10:00', 'PAID', 'CASH', 320.00, 5),
    (6, '2025-01-26 13:50:00', 'PAID', 'BANK_TRANSFER', 700.00, 6),
    (7, '2025-02-02 10:05:00', 'PAID', 'CREDIT_CARD', 220.00, 7),
    (8, '2025-02-06 12:40:00', 'PAID', 'CASH', 150.00, 8),
    (9, '2025-02-10 09:30:00', 'PAID', 'BANK_TRANSFER', 400.00, 9),
    (10, '2025-02-14 16:00:00', 'PAID', 'CREDIT_CARD', 500.00, 10),
    (11, '2025-02-18 11:15:00', 'PAID', 'CASH', 260.00, 11),
    (12, '2025-02-22 13:25:00', 'PAID', 'BANK_TRANSFER', 190.00, 12),
    (13, '2025-02-26 10:50:00', 'PAID', 'CREDIT_CARD', 470.00, 13),
    (14, '2025-03-02 09:10:00', 'PAID', 'CASH', 175.00, 14),
    (15, '2025-03-06 14:45:00', 'PAID', 'BANK_TRANSFER', 330.00, 15),
    (16, '2025-03-10 12:00:00', 'PAID', 'CREDIT_CARD', 710.00, 16),
    (17, '2025-03-14 10:30:00', 'PAID', 'CASH', 225.00, 17),
    (18, '2025-03-18 15:20:00', 'PAID', 'BANK_TRANSFER', 155.00, 18),
    (19, '2025-03-22 09:50:00', 'PAID', 'CREDIT_CARD', 420.00, 19),
    (20, '2025-03-26 11:40:00', 'PAID', 'CASH', 510.00, 20),
    (21, '2025-03-30 13:10:00', 'PAID', 'BANK_TRANSFER', 270.00, 21),
    (22, '2025-04-03 10:25:00', 'PAID', 'CREDIT_CARD', 195.00, 22),
    (23, '2025-04-07 14:55:00', 'PAID', 'CASH', 480.00, 23),
    (24, '2025-04-11 12:35:00', 'PAID', 'BANK_TRANSFER', 185.00, 24),
    (25, '2025-04-15 09:45:00', 'PAID', 'CREDIT_CARD', 340.00, 25),
    (26, '2025-04-19 16:10:00', 'PAID', 'CASH', 720.00, 26),
    (27, '2025-04-23 11:20:00', 'PAID', 'BANK_TRANSFER', 230.00, 27),
    (28, '2025-04-27 13:55:00', 'PAID', 'CREDIT_CARD', 160.00, 28),
    (29, '2025-05-01 10:15:00', 'PAID', 'CASH', 430.00, 29),
    (30, '2025-05-05 14:30:00', 'PAID', 'BANK_TRANSFER', 520.00, 30),
    (31, '2025-05-09 09:45:00', 'PAID', 'CREDIT_CARD', 280.00, 31),
    (32, '2025-05-13 11:20:00', 'PAID', 'CASH', 200.00, 32),
    (33, '2025-05-17 15:10:00', 'PAID', 'BANK_TRANSFER', 490.00, 33),
    (34, '2025-05-21 13:50:00', 'PAID', 'CREDIT_CARD', 190.00, 34),
    (35, '2025-05-25 10:05:00', 'PAID', 'CASH', 350.00, 35),
    (36, '2025-05-29 12:40:00', 'PAID', 'BANK_TRANSFER', 730.00, 36),
    (37, '2025-06-02 09:30:00', 'PAID', 'CREDIT_CARD', 235.00, 37),
    (38, '2025-06-06 16:00:00', 'PAID', 'CASH', 165.00, 38),
    (39, '2025-06-10 11:15:00', 'PAID', 'BANK_TRANSFER', 440.00, 39),
    (40, '2025-06-14 13:25:00', 'PAID', 'CREDIT_CARD', 530.00, 40),
    (41, '2025-06-18 10:50:00', 'PAID', 'CASH', 290.00, 41),
    (42, '2025-06-22 09:10:00', 'PAID', 'BANK_TRANSFER', 210.00, 42),
    (43, '2025-06-26 14:45:00', 'PAID', 'CREDIT_CARD', 500.00, 43),
    (44, '2025-06-30 12:00:00', 'PAID', 'CASH', 195.00, 44),
    (45, '2025-07-04 10:30:00', 'PAID', 'BANK_TRANSFER', 360.00, 45),
    (46, '2025-07-08 15:20:00', 'PAID', 'CREDIT_CARD', 740.00, 46),
    (47, '2025-07-12 09:50:00', 'PAID', 'CASH', 240.00, 47),
    (48, '2025-07-16 11:40:00', 'PAID', 'BANK_TRANSFER', 170.00, 48),
    (49, '2025-07-20 13:10:00', 'PAID', 'CREDIT_CARD', 450.00, 49),
    (50, '2025-07-24 10:25:00', 'PAID', 'CASH', 540.00, 50);
